periodo;codigo_producto;id_orden;volumen_lote;costo_transformacion;costo_insumo;equipo_id;tipo_equipo;categoria_producto;num_insumos;insumo_1;insumo_2;cantidad_insumo_1;cantidad_insumo_2;modalidad_proceso;duracion_proceso
202501;P05747;546009;7440;24.59984534;4.184607095;M08;A1;7;1;B_T;NA;6;0;X;300
202501;P06976;551645;1680;36.50522371;1.594430404;M02;B2;5;2;B_T;N_T;1.5;0.05;Y;98
202501;P07920;548767;1556;22.28017051;2.149802214;M14;A1;5;1;N_O;NA;0.5;0;Y;100
202501;P07767;552185;2700;14.16815559;3.843639109;M13;A1;5;1;B_T;NA;2;0;X;62
202501;P07576;546482;2578;18.22597584;2.083459408;M02;B2;5;2;B_T;V_T;2;0.05;X;91
202501;P07576;551797;2800;21.39105817;1.918270841;M02;B2;5;2;B_T;V_T;2;0.05;X;116
202501;P07576;546480;2649;26.31383342;2.027617348;M02;B2;5;2;B_T;V_T;2;0.05;X;135
202501;P07576;545674;3040;24.75524853;2.306371177;M02;B2;5;2;B_T;V_T;2;0.5;X;145.75
202501;P08346;551619;2118;47.57876084;4.052711548;M02;B2;5;1;R_T;NA;1.3;0;Y;150
202501;P05677;523523;1053;54.25934466;15.88362889;M11;C3;4;1;N_O;NA;2.5;0;X;190
202501;P05677;551799;1200;39.2885618;0.10523335;M15;A1;4;1;N_T;NA;0.05;0;X;76
202501;P00457;549618;2800;39.6749126;8.123795452;M11;C3;4;1;N_O;NA;3.4;0;X;230
202501;P08198;551657;2100;23.82717654;0;M16;A1;5;0;NA;NA;0;0;Y;107
202501;P07504;551447;1293;33.25288058;6.82223647;M08;A1;7;1;B_T;NA;1.7;0;Y;64
202501;P08105;552981;1200;33.03076173;4.324093997;M16;A1;5;1;B_T;NA;1;0;Y;59
202501;P08345;551641;778;37.13100312;2.81098547;M08;A1;7;1;V_T;NA;0.3;0;Y;43
202501;P00049;551612;692;8.90649697;0.526721264;M05;D4;5;1;V_T;NA;0.05;0;X;12
202501;P00049;551609;552;9.304492608;0.66030999;M05;D4;5;1;V_T;NA;0.05;0;X;10
202501;P06727;540186;2585;5.475707627;4.014632725;M05;D4;5;1;B_T;NA;2;0;X;44
202501;P08335;545734;1100;34.73397313;0.114800018;M13;A1;5;1;N_T;NA;0.05;0;Y;62
202501;P07135;551651;975;41.29746343;0.129517969;M08;A1;7;1;N_T;NA;0.05;0;X;66
202501;P07135;551649;780;51.33580319;0.161897462;M08;A1;7;1;N_T;NA;0.05;0;X;64
202501;P06895;541986;1953;32.91452679;4.718783871;M02;B2;5;2;N_O;N_T;1;1;Y;119.5
202501;P08196;552179;971;37.44451772;7.481439666;M13;A1;5;1;B_T;NA;1.4;0;Y;59
202501;P08104;552984;1749;29.90916402;2.966788334;M14;A1;5;1;B_T;NA;1;0;Y;94
202501;P07903;551422;4000;30.90335674;1.82245558;M02;B2;5;1;V_T;NA;1;0;Y;184
202501;P08199;552183;1493;40.75708494;0.845813935;M14;A1;5;1;N_T;NA;0.5;0;Y;115
202501;P07913;550871;1335;23.14858183;7.418879049;M16;A1;5;1;R_T;NA;1.5;0;Y;46
202501;P08074;537246;1500;53.04371621;4.89406794;M13;A1;5;2;A_T;R_T;1;1;X;133
202501;P08074;534358;100;38.39712564;36.70550955;M17;A1;5;2;A_T;R_T;0.5;0.5;X;8
202501;P08342;551637;1069;72.74432082;4.853987649;M04;C3;5;1;B_T;NA;1;0;X;125
202501;P08075;552977;1500;46.4028292;2.948514281;M13;A1;5;2;A_T;B_T;1;1;Y;105
202501;P07569;551445;1230;31.67894469;6.327942435;M08;A1;7;1;B_T;NA;1.5;0;Y;58
202501;P08281;540190;584;4.68224571;4.442562325;M05;D4;5;1;B_T;NA;0.5;0;X;8.5
202501;P00380;551653;1575;32.16763736;3.294547807;M15;A1;3;1;B_T;NA;1;0;X;74
202502;P06631;538023;5597;6.408666657;5.052332524;M05;D4;5;1;A_T;NA;3.5;0;X;111.5
202502;P06631;551835;3300;11.8285477;4.89660695;M05;D4;5;1;A_T;NA;2;0;X;76
202502;P06631;545725;10627;4.966210242;2.280813438;M05;D4;5;1;A_T;NA;3;0;X;146
202502;P06631;549681;624;12.34634596;6.473879379;M05;D4;5;1;A_T;NA;0.5;0;X;15
202502;P05269;549679;953;26.15528129;2.078531695;M17;A1;2;1;R_T;NA;0.3;0;X;36
202502;P07920;552407;600;27.82506801;0.2104667;M14;A1;5;1;N_T;NA;0.05;0;Y;30
202502;P07920;551026;1880;36.70540887;5.292489808;M14;A1;5;1;N_O;NA;1.4;0;Y;124
202502;P07767;549773;3471;19.54855154;4.484799306;M16;A1;5;1;B_T;NA;3;0;X;101
202502;P07878;549683;2700;26.45256838;4.914190468;M09;A1;5;2;A_T;B_T;2;2;X;114
202502;P07878;545676;2075;55.93349458;7.951843301;M09;A1;5;2;A_T;B_T;2.8;2;X;217
202502;P06942;553287;1367;28.81530664;5.91031563;M09;A1;5;1;A_T;NA;1;0;Y;58
202502;P06942;553285;1175;28.32187358;6.876086354;M09;A1;5;1;A_T;NA;1;0;Y;49
202502;P07576;549703;2579;33.1065574;3.229975133;M02;B2;5;2;B_T;V_T;3;0.15;X;126
202502;P07576;549707;2400;30.56161359;2.930365696;M02;B2;5;2;B_T;V_T;2.5;0.15;X;108
202502;P07576;549705;2700;25.66299363;1.64385973;M15;A1;5;2;B_T;V_T;1.5;0.15;X;100
202502;P05677;549696;1400;51.08234619;5.076469816;M15;A1;4;1;N_O;NA;1;0;X;105
202502;P08198;554083;2500;54.33175749;6.226695357;M16;A1;5;1;B_T;NA;3;0;Y;200
202502;P00348;549698;1670;33.74029497;4.83796495;M13;A1;3;1;A_T;NA;1;0;X;85
202502;P06696;551639;550;12.59059565;0.229600037;M16;A1;1;1;N_T;NA;0.05;0;X;24
202502;P08197;554081;1875;41.54872534;5.534840317;M16;A1;5;1;B_T;NA;2;0;Y;115
202502;P06769;554071;2172;10.64104956;2.86680265;M05;D4;5;1;B_T;NA;1.2;0;X;45
202502;P08322;556523;250;73.82103062;15.70744446;M15;A1;5;2;R_T;A_T;0.7;0.4;X;27
202502;P06727;554175;500;8.217727869;5.188912795;M05;D4;5;1;B_T;NA;0.5;0;X;8
202502;P07104;551035;3600;29.09383735;1.403111339;M13;A1;4;1;N_T;NA;2;0;X;158
202502;P07104;551037;3907;26.12905663;1.292859181;M13;A1;4;1;N_T;NA;2;0;X;154
202502;P08340;554179;500;8.217727869;5.188912795;M05;D4;5;1;B_T;NA;0.5;0;X;8
202502;P08340;548770;517;10.48778177;10.03658181;M05;D4;5;1;B_T;NA;1;0;X;15
202502;P07172;549670;836;50.62698862;1.510526561;M16;A1;5;1;N_T;NA;0.5;0;Y;63
202502;P08196;554085;2151;18.62839198;6.030814502;M14;A1;5;1;B_T;NA;2.5;0;Y;59
202502;P00351;551416;350;28.4871224;3.608000585;M13;A1;3;1;N_T;NA;0.5;0;X;16
202502;P00351;554986;700;14.97792574;0.902000145;M13;A1;3;1;N_T;NA;0.25;0;X;16
202502;P07929;551727;4100;32.89655136;1.2320002;M15;A1;5;1;N_T;NA;2;0;X;197
202502;P00066;553144;1400;29.34210165;2.927612033;M15;A1;3;2;B_T;N_O;1;0.5;Y;60
202502;P08104;554087;2120;48.3732039;6.119000941;M16;A1;5;1;B_T;NA;2.5;0;Y;151
202502;P08199;554093;1550;51.70280148;3.25883924;M14;A1;5;1;N_T;NA;2;0;Y;118
202502;P06859;540188;2300;6.254996429;1.098087135;M05;D4;5;1;N_T;NA;1;0;X;42
202502;P06859;554177;500;6.163295899;2.525600409;M05;D4;5;1;N_T;NA;0.5;0;X;6
202502;P08300;551022;2278;30.5367296;5.694592623;M14;A1;5;1;B_T;NA;2.5;0;Y;125
202502;P08329;553322;2291;42.91538866;4.374500904;M17;A1;1;2;B_T;N_T;2.5;1.4;Y;142
202502;P06725;540184;1749;5.793871599;2.166038088;M05;D4;5;1;N_T;NA;1.5;0;X;31.5
202502;P07302;555418;600;28.29779036;4.324093996;M09;A1;5;1;B_T;NA;0.5;0;X;25
202502;P07332;549667;1944;36.3329654;2.598354332;M14;A1;5;1;N_T;NA;2;0;X;104
202503;P07863;555434;3000;21.05355603;2.525600411;M08;A1;7;1;N_T;NA;3;0;Y;93
202503;P00194;541937;9250;5.511674559;0.013651894;M12;D4;3;1;N_T;NA;0.05;0;X;107
202503;P00194;554866;8925;8.458576564;1.273411972;M12;D4;3;1;N_T;NA;4.5;0;X;146
202503;P07920;551024;1447;43.45864113;8.231524339;M14;A1;5;1;N_O;NA;1.7;0;Y;113
202503;P07920;553302;2155;29.19195685;1.757958523;M16;A1;5;1;N_T;NA;1.5;0;Y;90
202503;P07920;556731;1700;28.37057532;5.171000265;M16;A1;5;2;N_T;N_O;1.4;0.75;Y;69
202503;P07767;558358;2200;28.59484864;5.095457718;M14;A1;5;1;B_T;NA;2.2;0;X;90
202503;P07878;551617;5000;17.041023;3.956124299;M09;A1;5;2;B_T;A_T;3.8;2.5;X;136
202503;P07878;549685;2500;29.57118697;4.156276064;M15;A1;5;2;B_T;A_T;1.7;1.5;X;118
202503;P07878;549687;2458;29.59909965;4.234753003;M15;A1;5;2;B_T;A_T;2.5;1;X;105
202503;P08105;554089;1972;28.92918122;4.521831138;M14;A1;5;1;B_T;NA;1.75;0;Y;84
202503;P07675;558882;731;76.49632711;13.54884204;M14;A1;5;1;R_T;NA;1.5;0;Y;80
202503;P07135;558543;900;54.3655147;15.56995519;M08;A1;7;1;N_O;NA;2;0;X;70
202503;P07900;553334;455;92.17387107;11.15017422;M09;A1;5;2;B_T;N_T;1;1;Z;60
202503;P07913;554840;1000;60.97527287;6.602802353;M15;A1;5;1;R_T;NA;1;0;Y;88
202503;P08300;551020;1989;34.69390079;4.611273952;M14;A1;5;1;B_T;NA;1.8;0;Y;124
202503;P08091;558768;3300;43.14073482;4.16901086;M15;A1;5;1;B_T;NA;2.7;0;Y;200
202503;P07994;554862;1650;39.92560967;6.149490024;M08;A1;7;2;B_T;N_T;2;2;Z;97
202503;P07133;556471;1100;12.07338054;1.148000186;M05;D4;5;1;N_T;NA;0.5;0;X;19
202503;P07332;560137;100;20.96955565;17.51619958;M14;A1;5;1;N_O;NA;0.25;0;X;3
202504;P06631;555260;3084;9.992373389;5.501537964;M05;D4;5;1;A_T;NA;2.1;0;X;60
202504;P06833;554836;10978;21.77563624;2.585325149;M09;A1;3;1;B_T;NA;5.57;0;Y;342
202504;P06833;546086;10083;14.94681327;1.516054067;M17;A1;3;1;B_T;NA;3;0;Y;314
202504;P06833;551647;10150;20.34227863;2.510077694;M17;A1;3;1;B_T;NA;5;0;Y;316
202504;P06833;554834;6300;27.29765073;2.830809843;M17;A1;3;1;B_T;NA;3.5;0;Y;239
202504;P00245;559199;1205;46.91783379;5.814506087;M13;A1;1;1;N_O;NA;1;0;X;80
202504;P00194;550722;8750;5.253609827;1.443200235;M12;D4;3;1;N_T;NA;5;0;X;123
202504;P00194;554868;9800;7.122957393;1.159714474;M12;D4;3;1;N_T;NA;4.5;0;X;135
202504;P00194;563443;2937;9.876307627;0.988914019;M12;D4;3;1;N_T;NA;1.15;0;X;37
202504;P00194;553283;4025;8.350262451;1.254956726;M12;D4;3;1;N_T;NA;2;0;X;65
202504;P00194;553281;8225;2.766109853;1.535319399;M12;D4;3;1;N_T;NA;5;0;X;44
202504;P00194;560423;2614;6.417614588;0.966182253;M12;D4;3;1;N_T;NA;1;0;X;24
202504;P07920;559101;6387;29.6578967;1.457980407;M16;A1;5;2;N_T;N_O;2.3;0.5;Y;271
202504;P07878;551605;2178;29.60094952;5.121675306;M09;A1;5;2;B_T;A_T;2;1.5;X;113
202504;P07878;549689;2652;37.04051779;3.163338052;M15;A1;5;2;B_T;A_T;2.5;0.5;X;138
202504;P07878;561824;2400;30.66615415;4.142957749;M02;B2;5;2;B_T;A_T;2;1.2;X;102
202504;P07878;561822;2700;34.47436937;4.879577476;M02;B2;5;2;A_T;B_T;2;2;X;129
202504;P07878;551635;1500;57.63875427;7.594299322;M09;A1;5;2;A_T;B_T;2;1.3;X;138
202504;P08372;558374;3100;53.4385451;4.109240095;M14;A1;5;1;B_T;NA;2.5;0;Y;237
202504;P08326;554881;2178;29.6724648;4.679024534;M15;A1;5;1;B_T;NA;2;0;Y;88
202504;P08326;560519;2200;30.18345134;5.906098718;M02;B2;5;1;B_T;NA;2.55;0;Y;95
202504;P07576;534259;600;12.0259428;0.552007918;M02;B2;5;1;B_T;NA;0.13;0;X;10
202504;P00457;557371;2334;51.63105717;2.401535504;M11;C3;4;1;N_O;NA;0.8;0;X;186
202504;P00348;562045;175;80.57442737;4.616800831;M17;A1;3;1;A_T;NA;0.1;0;X;19
202504;P07092;562035;2227;33.69640013;2.041347436;M14;A1;5;1;N_T;NA;1.8;0;X;104
202504;P07092;557320;800;57.72452546;10.16348035;M14;A1;5;2;N_T;N_O;1;0.8;X;64
202504;P08376;561092;1186;30.34172148;4.296338715;M15;A1;5;1;B_T;NA;1;0;Y;49
202504;P08376;561094;1100;29.37574015;4.632234288;M15;A1;5;1;B_T;NA;1;0;Y;44
202504;P07172;564451;1785;28.29633601;2.811540707;M16;A1;5;2;N_T;N_O;0.6;0.5;Y;70
202504;P07172;561814;936;40.85736978;3.116085697;M16;A1;5;2;N_T;N_O;0.6;0.2;Y;53
202504;P06895;558541;2555;33.91719508;0.988493311;M15;A1;5;1;N_T;NA;1;0;Y;118
202504;P07130;556473;1200;6.989851889;1.052333504;M05;D4;5;1;N_T;NA;0.5;0;X;12
202504;P07929;551729;6500;29.67349832;1.165661728;M09;A1;5;1;N_T;NA;3;0;X;284
202504;P00066;557318;1837;30.55296535;1.73366153;M17;A1;3;2;B_T;N_O;0.5;0.5;Y;78
202504;P08201;554091;1200;29.70687053;4.246214764;M02;B2;5;1;B_T;NA;1;0;Y;51
202504;P05996;557295;1694;26.33578116;1.490909333;M17;A1;3;1;N_T;NA;1;0;Y;62
202504;P05882;552381;3100;9.051613067;1.643696038;M05;D4;5;1;B_T;NA;1;0;X;65
202505;P06631;562033;8635;17.65285494;1.37551402;M05;D4;5;1;A_T;NA;1.5;0;X;236
202505;P05373;560113;1892;28.01052683;6.372981319;M13;A1;2;2;N_T;N_O;2;1;X;92
202505;P06943;567160;4165;39.59964319;3.483187601;M14;A1;5;2;R_T;B_T;2.5;2;X;253
202505;P06943;557960;2640;49.28769833;7.194846506;M15;A1;5;2;B_T;R_T;4.5;2;X;234
202505;P06943;568885;4075;33.61153908;2.799507738;M14;A1;5;2;B_T;R_T;3;1;X;241
202505;P07920;559104;3600;27.62705026;5.997155806;M16;A1;5;2;N_T;N_O;3;2;Y;175
202505;P07878;561828;2700;23.89082061;2.620389498;M16;A1;5;2;B_T;A_T;2;0.5;X;113.5
202505;P00348;564816;3675;20.10411587;2.154660056;M09;A1;3;1;A_T;NA;1;0;X;130
202505;P00348;567806;1326;32.57384594;2.985812861;M09;A1;3;1;A_T;NA;0.5;0;X;76
202505;P05425;564780;807;24.08158465;10.24693933;M17;A1;3;2;N_O;N_T;1;0.5;X;33
202505;P08376;561096;1200;26.52196825;3.184661073;M02;B2;5;1;B_T;NA;0.75;0;Y;56
202505;P08376;561098;1200;22.25950907;3.184661073;M02;B2;5;1;B_T;NA;0.75;0;Y;47
202505;P07903;563995;6723;28.97817543;2.168621842;M16;A1;5;1;V_T;NA;2;0;Y;270
202505;P07913;565612;1400;28.99488773;5.378296364;M15;A1;5;1;R_T;NA;1;0;Y;73
202505;P05996;564810;1793;25.83308596;6.724863723;M09;A1;3;2;N_T;N_O;2;1;Y;81.5
202505;P08378;563414;2275;26.92133516;6.685241136;M17;A1;3;2;N_T;B_T;3.5;2.5;Y;104
202505;P08378;563591;2226;33.06395942;6.832400532;M17;A1;3;2;N_T;B_T;3.5;2.5;Y;100
202505;P07618;566339;1643;38.35225204;3.614596336;M17;A1;2;1;A_T;NA;0.75;0;Y;107
202505;P08314;564785;1900;21.83575581;4.652421809;M02;B2;5;1;N_T;NA;3.5;0;X;73
202506;P07665;572729;1922;33.98963238;6.570240403;M17;A1;4;1;N_T;NA;5;0;Y;101
202506;P06833;567649;3081;21.76653397;3.30766486;M09;A1;3;1;B_T;NA;2;0;Y;118
202506;P07331;573326;167;29.99934336;6.049342298;M02;B2;5;1;N_T;NA;0.4;0;X;8
202506;P07331;564793;5000;45.02640734;6.700155324;M13;A1;5;2;N_O;N_T;3.7;3;X;386
202506;P07863;570333;2580;27.42817872;12.06272913;M08;A1;7;2;N_T;N_O;4;3;Y;113
202506;P07863;564841;1711;29.56235085;12.21349041;M08;A1;7;2;N_T;N_O;5.5;1;Y;89
202506;P07863;571790;1959;29.09009834;15.88659579;M08;A1;7;2;N_T;N_O;4;3;Y;91
202506;P00194;566307;1050;7.408237975;3.608000587;M12;D4;3;1;N_T;NA;1.5;0;X;13.5
202506;P00194;569274;6650;10.45296669;3.228211052;M12;D4;3;1;N_T;NA;8.5;0;X;111
202506;P00194;569276;6475;11.40011558;3.12043294;M12;D4;3;1;N_T;NA;8;0;X;128.1
202506;P07920;559106;685;51.19595971;17.60245351;M16;A1;5;2;N_T;N_O;2;1;Y;56
202506;P00457;569624;1749;63.29974679;17.79407727;M04;C3;4;2;N_T;N_O;4;3;X;195
202506;P07825;567639;1660;36.97057633;9.540211695;M02;B2;5;1;A_T;NA;2;0;Y;98
202506;P08349;567641;1700;39.41604902;5.032023964;M02;B2;5;2;N_T;N_O;2;0.5;Y;107
202506;P07664;572727;1599;37.21498435;4.738462309;M17;A1;4;1;N_T;NA;3;0;Y;92
202506;P07619;565017;4403;24.20887154;1.735904287;M17;A1;2;1;B_T;NA;1.5;0;Y;181
202506;P07663;572731;1600;31.93637254;4.73550077;M17;A1;4;1;N_T;NA;3;0;Y;79
202506;P08201;573832;300;25.04945171;5.095457712;M16;A1;5;1;B_T;NA;0.3;0;Y;12
202506;P08300;553304;1200;5.093602264;4.246214764;M16;A1;5;1;B_T;NA;1;0;Y;9
202506;P08074;572431;2150.484;38.33576369;2.50970372;M15;A1;5;2;R_T;A_T;0.75;0.65;X;129
202506;P07378;570310;1700;25.04945171;14.98664035;M02;B2;5;1;B_T;NA;5;0;Z;68
202506;P07286;564791;2300;18.28533215;2.215416398;M14;A1;5;1;B_T;NA;1;0;Y;74
202506;P07283;565036;5300;20.73669234;6.729849816;M14;A1;5;1;B_T;NA;7;0;X;175.5
202506;P07283;565038;5282;21.45944131;6.752783799;M14;A1;5;1;B_T;NA;7;0;X;181
202507;P06943;565763;4600;35.84367237;3.688770302;M15;A1;5;2;B_T;R_T;4.5;1.45;X;258
202507;P06943;565765;3663;33.37907135;6.57456023;M15;A1;5;2;B_T;R_T;5;3;X;204
202507;P06943;576246;3300;31.21165226;5.381869187;M09;A1;5;2;B_T;R_T;4;2;X;180
202507;P08392;569614;2732;31.17428105;8.565930113;M08;A1;3;2;B_T;N_T;5.2;4;Y;136
202507;P06976;567666;1577.7;33.14836838;7.002006304;M02;B2;5;2;N_O;B_T;2;1;Y;91
202507;P07540;565040;5631;19.31218096;4.542067752;M14;A1;5;1;B_T;NA;5;0;X;179
202507;P07624;573257;1733;28.06587311;4.372072263;M14;A1;5;1;N_T;NA;3;0;Y;85
202507;P08139;570306;1163;23.12471226;4.398346261;M14;A1;5;1;B_T;NA;1;0;Z;47
202507;P07825;567637;1757;29.93958372;9.013518164;M02;B2;5;1;A_T;NA;2;0;Y;84
202507;P00049;572758;687;10.82791429;3.183328524;M05;D4;5;1;V_T;NA;0.3;0;X;13
202507;P07794;570302;900;34.33281748;8.418668036;M14;A1;5;1;N_T;NA;3;0;Z;54
202507;P07664;575269;200;23.7115976;12.62800205;M17;A1;4;1;N_T;NA;1;0;Y;8
202507;P05372;573234;6167;27.79064041;2.82522201;M16;A1;1;2;N_O;B_T;3;2;Y;283
202507;P05372;568828;375;53.43883032;0;M16;A1;1;0;NA;NA;0;0;Y;32
202507;P06895;569627;2300;27.82170611;7.438644121;M16;A1;5;2;N_T;N_O;4;1;Y;124
202507;P06126;562047;922;25.95668819;5.478525837;M17;A1;4;1;N_T;NA;2;0;Y;37
202507;P07991;570304;1000;43.86406085;12.05768066;M16;A1;5;2;N_T;N_O;2;1;Y;85
202507;P08074;566930;0;0;0;M15;A1;5;2;A_T;R_T;1;1;X;123
202507;P08014;571146;1400;50.09890343;10.82400176;M08;A1;4;1;N_T;NA;6;0;Y;112
202507;P08014;576240;855.674;41.56652698;11.13985028;M17;A1;4;2;N_O;N_T;1;1;Y;60
202507;P08140;570300;1174;33.63095409;4.302556066;M14;A1;5;1;N_T;NA;2;0;Z;69
202507;P08401;573667;1698;45.58725925;5.949588718;M16;A1;5;1;N_T;NA;4;0;Y;150
202507;P08040;570298;2282;31.73219356;9.710816082;M02;B2;5;2;N_T;N_O;6;1;Y;126
202508;P06943;565769;3200;33.07996917;5.172812253;M15;A1;5;2;B_T;R_T;5;1;X;179
202508;P06943;565771;2800;32.31435137;5.886196121;M15;A1;5;2;B_T;R_T;3.5;2;X;153
202508;P06943;575659;2200;54.62136113;9.235366667;M09;A1;5;2;B_T;R_T;5;2;X;205
202508;P06943;574164;1700;62.99200358;8.984811785;M09;A1;5;2;B_T;R_T;4.5;1;X;171
202508;P06833;581247;1400;22.09576607;7.307538146;M08;A1;3;1;B_T;NA;2;0;Y;48
202508;P05747;579845;585;25.33773744;8.744062738;M16;A1;7;1;B_T;NA;1;0;X;23
202508;P08106;574621;1700;18.59340623;4.513479443;M02;B2;5;1;B_T;NA;1.5;0;Y;55
202508;P08106;574623;1479;21.98055878;3.458604937;M02;B2;5;1;B_T;NA;1;0;Y;61
202508;P06942;570832;700;13.80224878;5.655982648;M16;A1;5;1;A_T;NA;0.5;0;Y;17
202508;P08372;573671;3244;42.74415686;4.73052716;M16;A1;5;1;B_T;NA;3;0;Y;258
202508;P08105;574629;1296.288;22.57479921;5.91914378;M14;A1;5;1;B_T;NA;1.5;0;Y;52
202508;P07333;573253;2190;48.04922485;4.79895879;M02;B2;5;1;N_O;NA;1.5;0;X;194
202508;P07090;574632;600;40.42374235;8.424709673;M16;A1;5;1;N_T;NA;2;0;X;47
202508;P00049;576809;600;10.74099739;9.112277901;M05;D4;5;1;V_T;NA;0.75;0;X;10
202508;P08283;574087;1169;36.38524353;13.12731403;M16;A1;7;1;B_T;NA;3;0;Y;66
202508;P08405;576824;1828;35.75289698;7.66573286;M09;A1;5;1;N_O;NA;2;0;Y;113
202508;P08104;574627;2000;23.44841845;5.115276702;M14;A1;5;1;B_T;NA;2;0;Y;85
202508;P07903;571820;3534.951;24.71185685;4.124426235;M02;B2;5;1;V_T;NA;2;0;Y;152
202508;P06126;576016;2600;27.51027042;3.666881822;M08;A1;4;2;N_O;N_T;1;1;Y;125
202508;P07974;561812;10074;23.85444013;1.892772034;M17;A1;4;2;N_O;N_T;2;2;Y;401
202508;P07994;576816;4349;41.49201109;2.352392137;M16;A1;7;1;B_T;NA;4;0;Z;280
202508;P05882;572698;2900;8.681861892;3.527777036;M05;D4;5;1;B_T;NA;2;0;X;44
202508;P08398;572735;1971;84.18187325;18.16688834;M04;C3;5;1;B_T;NA;7;0;X;303
202509;P05373;579810;2750;32.25299475;5.095621698;M13;A1;2;1;N_O;NA;2;0;X;136
202509;P06833;580750;5710;20.73142493;2.68753592;M17;A1;3;1;B_T;NA;3;0;Y;178
202509;P06833;572766;5410;22.15702975;2.836567487;M08;A1;3;1;B_T;NA;3;0;Y;186
202509;P06833;572764;3774;23.37450874;3.38849808;M08;A1;3;1;B_T;NA;2.5;0;Y;143
202509;P08057;577564;2700;49.64447494;5.189985063;M14;A1;5;1;N_O;NA;2;0;X;245
202509;P08057;577562;5953;39.57460768;5.884831039;M14;A1;5;1;N_O;NA;5;0;X;427
202509;P08057;583901;500;49.82812473;4.203887899;M14;A1;5;1;N_O;NA;0.3;0;X;46
202509;P06942;580256;685;25.21597762;3.467901769;M09;A1;5;1;A_T;NA;0.3;0;Y;28
202509;P05953;573259;1895;28.25712111;1.848675418;M17;A1;3;1;N_O;NA;0.5;0;Y;84
202509;P08405;579113;1735;32.00010334;4.038316907;M09;A1;5;1;N_O;NA;1;0;Y;90
202509;P08409;577994;1425;44.58930579;5.565043378;M16;A1;7;2;B_T;N_T;2;1;Z;103
202509;P08074;574054;800;50.26676879;7.301989475;M15;A1;5;2;A_T;R_T;1;0.5;X;68
202509;P08070;578006;1971;24.41272893;2.595269763;M09;A1;5;1;B_T;NA;1;0;Y;78
202509;P08070;578004;1980;19.41468113;3.229341352;M09;A1;5;1;B_T;NA;1.25;0;Y;64
202509;P07996;576835;1925;32.82172269;2.657286598;M17;A1;3;1;B_T;NA;1;0;Z;96
202509;P07791;582316;2042;27.85908605;3.431185032;M08;A1;7;1;N_O;NA;1;0;X;89
202510;P05373;585001;2750;30.90248386;10.1912434;M17;A1;2;1;N_O;NA;4;0;X;136
202510;P06943;565773;2753;39.52757145;5.111765573;M15;A1;5;2;B_T;R_T;4;1;X;186
202510;P06943;579959;4300;25.28706233;3.872014282;M09;A1;5;2;B_T;R_T;5;1;X;188
202510;P06943;557958;2835;53.05349226;6.046889247;M15;A1;5;2;B_T;R_T;3;2.5;X;232
202510;P06943;580855;3300;23.66076674;3.483551464;M09;A1;5;2;B_T;R_T;3;1;X;135
202510;P07665;588349;1600;28.50687363;0.87965941;M17;A1;4;1;N_T;NA;0.5;0;Y;86
202510;P06833;588824;974.339;17.79993451;2.644840031;M16;A1;3;1;B_T;NA;0.5;0;Y;30
202510;P06833;582312;2100;20.25080266;2.454257896;M08;A1;3;1;B_T;NA;1;0;Y;69
202510;P06833;582314;2975;22.34694224;3.464834678;M08;A1;3;1;B_T;NA;2;0;Y;115
202510;P06833;582033;1184;25.27586754;3.264743402;M17;A1;3;1;B_T;NA;0.75;0;Y;45
202510;P06833;581209;4200;10.10210361;3.067822371;M17;A1;3;1;B_T;NA;2.5;0;Y;80
202510;P06833;561482;2975;7.458184944;2.771867742;M09;A1;3;1;B_T;NA;1.6;0;Y;40
202510;P00194;546078;9203;5.384500712;1.23876844;M12;D4;3;1;N_T;NA;4.05;0;X;104
202510;P00194;583848;4900;5.890822534;1.148942903;M12;D4;3;1;N_T;NA;2;0;X;69
202510;P07920;559108;900;32.18121617;3.127677903;M16;A1;5;1;N_T;NA;1;0;Y;50.1
202510;P07767;584305;1700;31.32329792;6.063460687;M14;A1;5;1;B_T;NA;2;0;X;98
202510;P07878;579804;3700;25.41416345;3.37950887;M15;A1;5;2;B_T;A_T;3.7;0.75;X;163
202510;P07878;579126;5253;29.32201415;4.487847166;M15;A1;5;2;B_T;A_T;5;2.7;X;267
202510;P07878;579802;2300;20.33738752;4.652305767;M13;A1;5;2;B_T;A_T;3;0.75;X;90.1
202510;P07878;579798;4300;17.02350043;3.639369322;M13;A1;5;2;B_T;A_T;3;2;X;141
202510;P07878;579800;2577;24.51158043;4.03632706;M13;A1;5;2;B_T;A_T;2.5;1;X;104
202510;P07878;579124;5200;33.93611322;3.027503798;M13;A1;5;2;A_T;B_T;3;1.5;X;301
202510;P06942;584293;1280;26.9733733;6.186231021;M09;A1;5;1;A_T;NA;1;0;Y;60
202510;P08372;585229;3220;25.73488753;8.003014881;M14;A1;5;1;B_T;NA;5;0;Y;153
202510;P07576;580655;2100;23.19963522;5.92560186;M13;A1;5;2;B_T;V_T;2;2;X;78
202510;P07576;579122;3200;23.03233015;7.777352441;M13;A1;5;2;B_T;V_T;4;4;X;118
202510;P07576;578342;7669;22.16812762;3.302727587;M02;B2;5;2;B_T;V_T;7;2;X;319
202510;P07576;584542;5947;16.49329916;2.727401155;M02;B2;5;1;V_T;NA;4.45;0;X;159
202510;P07576;582457;3300;24.74737144;3.770837547;M09;A1;5;2;B_T;V_T;2;2;X;141
202510;P07576;580653;966;21.98404675;6.440871586;M13;A1;5;2;B_T;V_T;1;1;X;34
202510;P07576;579120;5487;24.44871914;4.730356877;M02;B2;5;2;V_T;B_T;5;3;X;221
202510;P07576;578340;4449;20.48381158;3.785837329;M02;B2;5;2;B_T;V_T;3;2.5;X;171
202510;P07091;583808;600;32.01464442;2.345758427;M13;A1;5;1;N_T;NA;0.5;0;X;37
202510;P07825;588361;2141;23.85395761;3.698447317;M02;B2;5;1;A_T;NA;1;0;Y;91
202510;P08322;585226;2336;35.36009832;5.848791562;M09;A1;5;2;A_T;R_T;2.5;1;X;134
202510;P05425;585003;525;31.93345659;1.608520064;M08;A1;3;1;N_T;NA;0.3;0;X;29
202510;P07664;588353;1693;33.20626497;2.494013685;M17;A1;4;1;N_T;NA;1.5;0;Y;106
202510;P08405;583841;1900;32.11435557;1.481531638;M09;A1;5;1;N_T;NA;1;0;Y;110
202510;P07929;579111;7400;22.61587917;4.936789266;M14;A1;5;2;N_T;N_O;8;2;X;309
202510;P07993;580607;3150;39.36351336;2.529794189;M08;A1;7;2;B_T;N_T;2;1;Z;201
202510;P08014;585969;1296;36.01212861;10.81246888;M17;A1;4;1;N_O;NA;2;0;Y;88
202510;P08342;581380;2176;51.89503542;8.289887657;M11;C3;5;1;B_T;NA;3.5;0;X;231
202510;P08401;588357;1548;46.28138415;4.546043464;M13;A1;5;1;N_T;NA;2.5;0;Y;138
202510;P07133;583098;1266;9.589430704;1.111733852;M05;D4;5;1;N_T;NA;0.5;0;X;21
202510;P06431;581389;1625;28.6369879;6.043932275;M17;A1;1;2;N_O;N_T;1;1;X;73
202510;P08413;580575;1600;26.21786244;9.112277903;M09;A1;5;1;V_T;NA;2;0;Y;68
202510;P07848;584441;1750;21.12748423;4.165612755;M17;A1;1;1;V_T;NA;1;0;Y;58
202510;P05291;588010;1173;29.07777929;8.787624184;M08;A1;7;1;B_T;NA;2;0;X;59
202511;P06943;582347;3800;30.38272893;5.229490114;M15;A1;5;2;B_T;R_T;4;3;X;232
202511;P06943;582345;3334;35.75597332;3.2694921;M15;A1;5;2;B_T;R_T;3;1;X;237
202511;P06943;582294;2000;36.16930103;7.051667396;M15;A1;5;2;B_T;R_T;3;2;X;144
202511;P06833;588614;2100;12.93855569;7.331084316;M08;A1;3;1;B_T;NA;3;0;Y;47
202511;P00194;587682;2625;4.787374994;0.968131024;M12;D4;3;1;N_T;NA;1;0;X;32.1
202511;P00194;583857;9450;4.756855295;0.672313211;M12;D4;3;1;N_T;NA;2.5;0;X;115
202511;P07767;584288;758;23.9716014;6.770130634;M13;A1;5;1;B_T;NA;1;0;X;35
202511;P06942;585130;965;23.96292973;8.20557068;M08;A1;5;1;A_T;NA;1;0;Y;40
202511;P05677;585120;538;24.60383415;2.83421257;M13;A1;4;1;N_T;NA;0.6;0;X;20
202511;P05677;585124;1000;29.1210981;3.812015908;M13;A1;4;1;N_T;NA;1.5;0;X;44
202511;P00049;590120;600;12.41472068;6.374138064;M05;D4;5;1;V_T;NA;0.5;0;X;12
202511;P00049;590118;591;13.65409211;6.471206156;M05;D4;5;1;V_T;NA;0.5;0;X;13
202511;P08349;588355;1454;38.56182309;2.621744091;M13;A1;5;1;N_T;NA;1.5;0;Y;108
202511;P07619;587747;2712;31.65134132;1.892241527;M17;A1;2;1;B_T;NA;1;0;Y;133
202511;P06228;588359;1839;32.58876002;2.763832451;M17;A1;4;1;N_T;NA;2;0;X;113
202511;P07663;588351;1600;37.12523077;2.382509942;M17;A1;4;1;N_T;NA;1.5;0;Y;112
202511;P00351;585127;1002;40.47501425;3.804407094;M09;A1;3;1;N_T;NA;1.5;0;X;62
202511;P08409;584967;375;31.25580463;4.085778756;M16;A1;7;2;B_T;N_T;0.3;0.3;Z;19
202511;P08074;590961;1236;91.71969297;4.498876956;M16;A1;5;2;A_T;R_T;1;0.5;X;184
202511;P07286;585011;4100;22.26395492;7.50989125;M02;B2;5;1;B_T;NA;6;0;Y;160
202511;P08431;590189;1256;27.28051126;2.023363008;M13;A1;5;1;N_T;NA;1;0;Y;66
202511;P08299;572320;1500;30.47683292;16.34643047;M16;A1;5;2;N_T;N_O;5;2;Y;73
202512;P05373;591746;2500;42.37145966;1.016537575;M17;A1;2;1;N_T;NA;1;0;X;157
202512;P06943;588029;6831;29.36655145;8.540806626;M14;A1;5;2;B_T;R_T;14;7;X;368
202512;P06943;591915;3278;29.33400948;4.30242062;M16;A1;5;2;B_T;R_T;3;2;X;147
202512;P06943;591391;2525;12.49297859;0;M16;A1;5;0;NA;NA;0;0;X;54.5
202512;P06833;588703;1225;19.34884316;2.094595518;M16;A1;3;1;B_T;NA;0.5;0;Y;41
202512;P06833;589379;4725;17.49220599;3.258259696;M09;A1;3;1;B_T;NA;3;0;Y;149
202512;P06833;588616;6825;15.75893235;3.759530418;M09;A1;3;1;B_T;NA;5;0;Y;193
202512;P06833;594281;9450;28.53408186;3.801302978;M08;A1;3;1;B_T;NA;7;0;Y;380
202512;P05747;589603;5625;29.07237583;6.842345361;M09;A1;7;1;B_T;NA;7.5;0;X;250
202512;P07863;585110;2944;44.34984763;2.377778079;M09;A1;7;2;N_O;N_T;1;0.4;Y;184
202512;P07863;584267;0;0;0;M16;A1;7;0;NA;NA;0;0;Y;0
202512;P05269;591744;3236;8.756984058;1.979510587;M17;A1;2;1;R_T;NA;1;0;X;42
202512;P00194;576832;10988;4.876357489;0.272280719;M12;D4;3;1;N_O;NA;0.5;0;X;130
202512;P00194;570551;8925;7.950082853;1.423722095;M12;D4;3;1;N_T;NA;5;0;X;124
202512;P00194;587760;13300;6.186822378;1.337549442;M12;D4;3;1;N_T;NA;7;0;X;170
202512;P00194;587644;10500;5.360769097;1.936262049;M12;D4;3;1;N_T;NA;8;0;X;144
202512;P00194;585979;7350;5.640274484;0;M12;D4;3;0;NA;NA;0;0;X;100
202512;P00194;583853;3150;5.335950722;0.806775853;M12;D4;3;1;N_T;NA;1;0;X;43
202512;P00194;589296;9450;8.960560125;0.080677585;M12;D4;3;1;N_T;NA;0.3;0;X;145
202512;P00194;583850;12643;6.349483888;2.366384991;M12;D4;3;1;N_O;NA;5;0;X;185
202512;P06976;596961;300;75.69040661;5.67469272;M02;B2;5;2;B_T;N_T;0.5;0.5;Y;32
202512;P06976;582307;1500;33.14250845;2.269877088;M15;A1;5;2;B_T;N_T;1;1;Y;76
202512;P07878;588326;1036;39.00393815;12.59665514;M02;B2;5;2;A_T;B_T;2;2;X;72
202512;P07878;586315;3300;12.95075032;1.377416193;M02;B2;5;2;B_T;A_T;1;0.5;X;70.1
202512;P07878;586125;1300;22.10142763;4.257900308;M13;A1;5;2;B_T;A_T;1;0.75;X;46
202512;P07878;586426;2965;8.47075688;3.931476015;M15;A1;5;2;B_T;A_T;3;1;X;44.1
202512;P06942;587628;0;0;0;M08;A1;5;0;NA;NA;0;0;Y;0
202512;P08372;593116;5054;40.7418766;8.123085114;M14;A1;5;1;B_T;NA;8;0;Y;307
202512;P07576;591740;1675;28.89880941;4.595605093;M02;B2;5;1;B_T;NA;3;0;X;74
202512;P05953;594854;0;0;0;M17;A1;3;0;NA;NA;0;0;Y;0
202512;P07624;594852;1400;43.34606985;4.27402935;M15;A1;5;1;N_O;NA;1;0;Y;84
202512;P07825;593184;1955;34.79762632;7.088060096;M08;A1;5;1;A_T;NA;1.75;0;Y;104
202512;P07825;593182;2769;32.73277141;4.289477631;M08;A1;5;1;A_T;NA;1.5;0;Y;135
202512;P08200;590116;4100;29.35600877;1.859519955;M08;A1;5;1;N_T;NA;3;0;Y;184
202512;P06467;583806;700;97.18479921;14.53169979;M04;C3;3;1;N_O;NA;1.7;0;X;104
202512;P07104;589762;3659;29.66446426;0.694546034;M13;A1;4;1;N_T;NA;1;0;X;164
202512;P07104;589760;3914;28.74638058;1.298591691;M13;A1;4;1;N_T;NA;2;0;X;170
202512;P07104;596381;2546;30.42801351;3.525318788;M13;A1;4;1;N_O;NA;1.5;0;X;108
202512;P07104;592467;1600;28.69248978;0.476501988;M13;A1;4;1;N_T;NA;0.3;0;X;64
202512;P05372;591742;1625;33.41086884;2.095271158;M16;A1;1;2;B_T;N_T;1;1;Y;83
202512;P00351;595525;410;44.99886978;7.29712328;M08;A1;3;1;N_O;NA;0.5;0;X;26
202512;P08405;587948;2000;29.48338967;2.541343939;M16;A1;5;1;N_T;NA;2;0;Y;102
202512;P08405;584273;0;0;0;M09;A1;5;0;NA;NA;0;0;Y;0
202512;P00066;584283;1400;34.30107728;1.216005583;M15;A1;3;2;B_T;N_T;0.5;0.5;Y;72
202512;P07913;593127;1046;51.01073741;12.2479852;M15;A1;5;1;R_T;NA;2;0;Y;80
202512;P05996;592474;1301;37.7018766;0.976688677;M17;A1;3;1;N_T;NA;0.5;0;Y;72
202512;P08074;596067;1058;58.72340906;8.640481956;M15;A1;5;2;A_T;R_T;1.5;1;X;86
202512;P08074;594078;1200;54.31383426;3.809012462;M15;A1;5;2;A_T;R_T;0.75;0.5;X;94
202512;P07131;592248;1060;14.05440077;1.19874714;M05;D4;5;1;N_T;NA;0.5;0;X;24
202512;P07786;591176;1500;50.22380712;1.694229292;M02;B2;6;1;N_T;NA;1;0;X;115
202512;P07286;585009;4800;22.9166194;5.345582314;M02;B2;5;1;B_T;NA;5;0;Y;196
202512;P05882;590208;7184;10.88707409;1.428663425;M05;D4;5;1;B_T;NA;2;0;X;126
202601;P06833;594279;12075;28.78444062;5.403080792;M17;A1;3;1;B_T;NA;12.5;0;Y;482
202601;P07899;596204;1575;61.42067332;17.1809548;M09;A1;7;2;B_T;N_T;5.5;5;Z;146
202601;P07878;596640;2800;30.38620539;3.451692665;M16;A1;5;2;B_T;A_T;2.5;0.75;X;136
202601;P07878;596642;3800;29.79823702;2.060280018;M16;A1;5;1;B_T;NA;3;0;X;181
202601;P07878;596645;4000;33.46987946;4.832369732;M14;A1;5;2;B_T;A_T;5;1.5;X;195
202601;P05953;600780;1681;31.3407675;1.511804841;M17;A1;3;1;N_T;NA;1;0;Y;83
202601;P08105;599334;600;24.86918783;8.698960074;M15;A1;5;1;B_T;NA;1;0;Y;22
202601;P08333;593132;1227;13.87965891;10.63442552;M05;D4;5;1;B_T;NA;2.5;0;X;24
202601;P07104;599023;800;30.29077459;3.176679923;M13;A1;4;1;N_T;NA;1;0;X;36
202601;P06895;596052;2300;50.72134752;8.000857207;M15;A1;5;1;N_O;NA;2.7;0;Y;172
202601;P06895;601001;400;35.6081553;21.80388246;M15;A1;5;2;N_O;N_T;1;0.75;Y;21
202601;P08405;596048;2173;36.2066576;2.339018812;M15;A1;5;1;N_T;NA;2;0;Y;116
202602;P00194;592307;7350;11.52072016;0.34576108;M12;D4;3;1;N_T;NA;1;0;X;145
202602;P00194;595062;2275;11.5407076;2.234148518;M12;D4;3;1;N_T;NA;2;0;X;37
202602;P08057;599726;1769;86.75365161;9.142133406;M16;A1;5;2;N_O;N_T;2;1;X;260
202602;P07878;596647;3658;25.99533861;4.139453176;M16;A1;5;2;B_T;A_T;5;0.5;X;152
202602;P07878;597226;5515;36.68178804;3.270980577;M14;A1;5;2;A_T;B_T;2.75;2.5;X;299
202602;P07878;599475;1700;32.48784251;4.605331804;M14;A1;5;1;B_T;NA;3;0;X;83
202602;P07624;602567;166;44.94431535;14.37012506;M15;A1;5;1;N_O;NA;0.35;0;Y;11
202602;P07825;593180;1100;39.29173883;15.22676077;M02;B2;5;1;A_T;NA;2;0;Y;64
202602;P00049;603802;100;21.99043881;46.21883674;M05;D4;5;1;V_T;NA;0.5;0;X;4
202602;P05372;595148;1625;30.07714494;2.165374013;M17;A1;1;2;N_T;B_T;1.05;1;Y;77
202602;P05372;598580;3120;33.56824212;1.650971782;M17;A1;1;2;B_T;N_T;1.5;1.5;Y;165
202602;P08405;600369;1900;27.14712735;6.262227845;M14;A1;5;2;N_T;N_O;2;1;Y;106
202602;P07993;596202;5003;38.40694561;4.118354556;M09;A1;7;2;B_T;N_T;4;4;Z;290
202602;P08104;600468;2147;20.63525933;3.646513305;M16;A1;5;1;B_T;NA;1.5;0;Y;90
202602;P08104;600470;2200;27.77106718;7.11733097;M16;A1;5;1;B_T;NA;3;0;Y;109
202602;P08201;602016;1601;22.13811457;4.890108724;M16;A1;5;1;B_T;NA;1.5;0;Y;72
202602;P07913;601260;1200;42.31702492;6.007918365;M13;A1;5;1;R_T;NA;1;0;Y;91
202602;P08023;596200;1575;45.11924351;8.197937743;M09;A1;7;2;B_T;N_T;3;2;Z;119
202603;P06833;600475;7627;21.26783275;5.041780367;M17;A1;3;1;B_T;NA;8;0;Y;308
202603;P06833;603379;2100;24.72002596;3.433362398;M08;A1;3;1;B_T;NA;1.5;0;Y;103
202603;P06833;600473;5075;28.84679174;3.788537819;M08;A1;3;1;B_T;NA;4;0;Y;253
202603;P07863;600477;2688;38.45054411;12.97850146;M09;A1;7;2;N_O;N_T;4;3;Y;188
202603;P07767;602410;1687;22.49307395;5.698526802;M13;A1;5;1;B_T;NA;2;0;X;68
202603;P08372;600464;5200;44.11947831;4.621833997;M02;B2;5;1;B_T;NA;5;0;Y;383
202603;P07576;603387;4437;31.80388579;5.854142722;M14;A1;5;2;B_T;V_T;6;2.5;X;290
202603;P00351;597699;1140;43.98671088;6.252062619;M17;A1;3;2;N_T;N_O;2;0.3;X;79
202603;P06126;593475;3516;34.54611136;1.806985167;M08;A1;4;1;N_T;NA;2.5;0;Y;241
202603;P07132;602884;1100;10.99521942;6.195950026;M05;D4;5;1;N_O;NA;1;0;X;22
202603;P07286;600168;5178;26.81562963;6.498059386;M02;B2;5;1;B_T;NA;7;0;Y;276
202603;P07286;602461;5100;26.53524284;5.654949832;M02;B2;5;1;B_T;NA;6;0;Y;269
202603;P05335;602455;4361;19.32235968;1.74823018;M17;A1;3;1;N_T;NA;3;0;X;160
202604;P00049;605766;482;15.29019835;7.671176223;M05;D4;5;1;V_T;NA;0.4;0;X;13
202604;P00049;605764;391;13.04916003;9.456539487;M05;D4;5;1;V_T;NA;0.4;0;X;9
202604;P00194;599718;9625;10.58308752;1.848250137;M12;D4;3;2;N_O;N_T;0;7;X;173
202604;P00194;604242;10150;9.310439717;1.752650992;M12;D4;3;2;N_O;N_T;0;7;X;177
202604;P05302;608927;1149;29.49686675;6.705844566;M13;A1;3;2;N_O;N_T;1;0.35;X;52
202604;P05335;608940;2275;30.94104133;5.991687937;M13;A1;3;2;N_O;N_T;2;0;X;108
202604;P05372;600366;2868;33.10082801;2.143087328;M08;A1;1;2;B_T;N_T;1.5;1;Y;177
202604;P05425;608933;2868;31.36118835;5.941026001;M13;A1;3;2;N_O;N_T;2.5;0;X;138
202604;P05747;604976;1425;26.23948011;5.059691955;M09;A1;7;1;B_T;NA;1.5;0;X;72
202604;P05953;608049;2034;30.06191507;2.300120198;M17;A1;3;2;N_O;N_T;0.5;0.5;Y;92
202604;P05996;606724;2057;30.04888915;5.798348955;M17;A1;3;2;N_O;N_T;1.75;0;Y;93
202604;P06943;604054;2700;31.4643864;5.008541991;M15;A1;5;2;B_T;R_T;3.5;1.5;X;168
202604;P06943;604045;3900;27.09913499;3.159329881;M15;A1;5;2;B_T;R_T;3;1.5;X;209
202604;P06943;604043;3156;21.1500153;4.824727041;M15;A1;5;2;B_T;R_T;3.5;2;X;132
202604;P06954;605268;1220;26.36416948;7.576858483;M13;A1;5;1;V_T;NA;1;0;X;60
202604;P07283;606873;1977;11.24907498;4.862627574;M09;A1;5;1;B_T;NA;2;0;X;53
202604;P07331;602251;5689;29.37430222;4.487488656;M13;A1;5;2;N_O;N_T;3;2;X;307
202604;P07333;605796;2360;74.21103204;4.287835656;M09;A1;5;2;N_O;N_T;1;1.3;X;286
202604;P07380;608948;1400;29.43360237;3.433362398;M17;A1;3;1;B_T;NA;1;0;X;62
202604;P07539;605656;2000;25.44890238;6.932825511;M14;A1;5;1;V_T;NA;1.5;0;Y;94
202604;P07576;607291;537;26.85726105;2.616475736;M16;A1;5;2;B_T;V_T;0.2;0.2;X;29
202604;P07619;602840;1906;31.68009294;6.304705348;M17;A1;2;1;B_T;NA;2.5;0;Y;111
202604;P07912;606826;1126;37.61069648;8.209384857;M13;A1;5;1;V_T;NA;1;0;Y;79
202604;P08057;606113;1900;35.89715488;10.30537185;M13;A1;5;2;N_O;N_T;2.5;1;X;135
202604;P08057;607811;3200;41.05564693;3.979903309;M15;A1;5;2;N_O;N_T;0.75;3;X;200
202604;P08057;599728;4481;55.00426197;15.20987509;M13;A1;5;2;N_O;N_T;10;0;X;500
202604;P08070;608481;1426;26.24329289;4.381991279;M02;B2;5;1;B_T;NA;1.3;0;Y;63
202604;P08283;610306;1336;28.92455459;5.396752272;M16;A1;7;1;B_T;NA;1.5;0;Y;60
202604;P08372;603878;4974;34.34717168;5.315016177;M02;B2;5;1;B_T;NA;5.5;0;Y;339
202604;P08443;601269;1098;32.84789733;2.314520891;M16;A1;7;2;N_O;N_T;0;1;Y;56
202604;P08444;601271;1460;27.35021353;2.907691914;M16;A1;7;2;N_O;N_T;0.25;1;Y;62
202604;P08449;610117;1671;37.32588835;5.21936145;M02;B2;5;2;N_O;N_T;1;0.75;Y;105
202605;P00049;608410;599;13.22513691;4.473597708;M05;D4;5;1;V_T;NA;0.3;0;X;12.3
202605;P00066;605238;1730;27.16715947;1.770119034;M17;A1;3;2;G_T;B_T;0;0.8;Y;80
202605;P00194;604244;9100;7.063280645;2.091327671;M12;D4;3;2;N_T;N_O;7;0;X;155
202605;P05373;611528;870;32.31240344;1.093740333;M13;A1;2;2;N_O;N_T;0;0.35;X;54
202605;P05882;613628;3400;7.7016508;4.135440268;M05;D4;5;1;B_T;NA;3;0;X;50.3
202605;P06126;604248;2000;39.87778386;2.181513643;M17;A1;4;2;N_O;N_T;0.25;1;Y;120
202605;P06833;609388;5775;25.71996715;4.057863467;M13;A1;3;1;B_T;NA;5;0;Y;245
202605;P06833;613400;3675;13.22678492;3.188321295;M17;A1;3;1;B_T;NA;2.5;0;Y;98
202605;P06833;601005;5019;29.14452647;3.735271811;M17;A1;3;1;B_T;NA;4;0;Y;236
202605;P06833;609391;3500;17.43101298;3.34773736;M17;A1;3;1;B_T;NA;2.5;0;Y;123
202605;P06943;610475;1675;28.49447775;3.865973797;M14;A1;5;2;R_T;B_T;0.8;1.6;X;100
202605;P06943;604056;2600;48.20253081;7.127762088;M15;A1;5;2;R_T;B_T;2;5;X;229
202605;P06943;614100;1400;42.49300321;6.998684146;M09;A1;5;2;R_T;B_T;1.5;2;X;128
202605;P06943;615556;1500;40.72810686;6.532105203;M14;A1;5;2;R_T;B_T;1.5;2;X;128
202605;P06943;604052;1200;60.6592732;6.745318865;M15;A1;5;2;B_T;R_T;2;1;X;145
202605;P07104;610838;3723;23.38308268;1.990495171;M08;A1;4;2;N_O;N_T;0.3;2;X;170
202605;P07130;608053;1168;12.90312493;2.327676346;M05;D4;5;2;N_T;N_O;1;0;X;23.4
202605;P07286;611357;4935;28.18147364;6.647989084;M02;B2;5;1;B_T;NA;7;0;Y;217
202605;P07286;608946;5361;23.35027392;4.371229532;M14;A1;5;1;B_T;NA;5;0;Y;204
202605;P07286;600818;5100;21.22256755;5.054426995;M02;B2;5;1;B_T;NA;5.5;0;Y;200
202605;P07332;605798;2066;61.80106788;2.907709874;M09;A1;5;2;N_O;N_T;0.5;1;X;219
202605;P07444;608935;1221;74.76532972;13.43481823;M11;C3;5;1;B_T;NA;3.5;0;X;153.3
202605;P07576;603389;5200;27.16496773;3.928591077;M14;A1;5;2;B_T;V_T;3;3;X;270
202605;P07767;611887;3888;19.64125524;3.917748197;M14;A1;5;1;B_T;NA;3.25;0;X;160
202605;P07825;613489;1800;27.04600846;13.4265993;M14;A1;5;1;A_T;NA;3;0;Y;102
202605;P07825;609384;2200;29.43073584;7.32359962;M02;B2;5;1;A_T;NA;2;0;Y;109
202605;P07825;609386;2300;27.48072614;5.253886683;M02;B2;5;1;A_T;NA;1.5;0;Y;109
202605;P07863;602866;3300;30.92255498;10.57021305;M16;A1;7;2;N_T;N_O;4;3.65;Y;180
202605;P07929;605271;2000;31.59643587;8.221506572;M09;A1;5;2;N_T;N_O;0;2.5;X;127
202605;P07994;604148;4905;36.2154241;4.605909205;M09;A1;7;2;N_T;B_T;4;5;Z;357
202605;P08057;612038;900;43.79269006;4.847808095;M15;A1;5;2;N_T;N_O;1;0.25;X;60
202605;P08074;614773;2094;48.72750217;3.254584846;M16;A1;5;2;R_T;A_T;2;0;X;196
202605;P08314;608929;2774;29.80174902;1.960148502;M09;A1;5;2;N_T;N_O;2;0;X;135
202605;P08372;610155;4000;20.82354889;4.393905285;M02;B2;5;1;B_T;NA;3.75;0;Y;160
202605;P08372;604979;5643;20.79888057;5.81389795;M02;B2;5;1;B_T;NA;7;0;Y;236
202605;P08431;608924;900;28.40244138;3.464044034;M14;A1;5;2;N_O;N_T;0.35;0.3;Y;55
202605;P08448;610115;1565;51.62045996;3.86661376;M02;B2;5;2;N_T;N_O;1.5;0.3;Y;136
202606;P05372;611903;2850;39.86079804;1.739730153;M08;A1;1;2;B_T;G_T;1.5;0;Y;184
202606;P05730;618618;1291;30.60742247;6.249954117;M08;A1;1;2;N_O;N_T;0.75;0.75;X;64
202606;P05747;614506;1415;31.66786945;6.690789801;M15;A1;7;1;B_T;NA;2;0;X;77
202606;P06833;613369;4550;18.49262561;4.161524206;M17;A1;3;1;B_T;NA;4;0;Y;154
202606;P06833;614106;3278;25.25125284;3.971253174;M17;A1;3;1;B_T;NA;2.75;0;Y;159
202606;P06833;615296;9625;14.99608212;3.934531976;M13;A1;3;1;B_T;NA;8;0;Y;291
202606;P06943;606798;1830;51.42494117;6.597045507;M16;A1;5;2;R_T;B_T;1.5;3;X;166
202606;P06943;611326;1000;47.87102393;4.024197758;M09;A1;5;2;R_T;B_T;0.5;1;X;103
202606;P06943;609426;3076;43.92437791;5.233026995;M14;A1;5;2;R_T;B_T;2;4;X;236
202606;P06943;614314;4600;47.11779714;5.042911242;M09;A1;5;2;R_T;B_T;2;7;X;398
202606;P06943;604047;3981;46.94471781;6.362376288;M15;A1;5;2;R_T;B_T;3;6.5;X;326
202606;P06943;607854;3136;16.23016734;4.604419697;M14;A1;5;2;B_T;R_T;4;1.5;X;94
202606;P06943;604049;1900;57.07035794;7.226275866;M15;A1;5;2;B_T;R_T;3;2;X;216
202606;P06943;614568;3000;41.51920522;5.918040635;M09;A1;5;2;B_T;R_T;4;2.5;X;268
202606;P07092;615648;1800;39.03050412;5.789199063;M16;A1;5;2;N_T;N_O;1.5;0.8;X;114
202606;P07092;614309;1174;38.21512369;3.310942136;M14;A1;5;2;N_T;N_O;1.5;0;X;94
202606;P07104;610840;4715;24.22814967;2.514854144;M08;A1;4;2;N_T;N_O;3;0.5;X;213
202606;P07286;606726;5600;24.22754039;4.649202823;M02;B2;5;1;B_T;NA;5.5;0;Y;219
202606;P07618;611135;594;65.51702079;6.781110757;M17;A1;2;1;A_T;NA;0.5;0;Y;61
202606;P07624;617478;600;41.16060667;4.318940074;M14;A1;5;2;N_O;N_T;0;1;Y;40
202606;P07878;613967;3900;22.80349338;4.12905308;M14;A1;5;2;B_T;A_T;3.4;2;X;158
202606;P07878;613969;3378;27.60267025;5.433387685;M16;A1;5;2;B_T;A_T;3.5;2.5;X;151.3
202606;P07878;598165;1500;41.05199019;7.066176647;M15;A1;5;2;B_T;A_T;1.5;1.75;X;92
202606;P07913;609032;1341;39.00851674;4.943567091;M15;A1;5;1;R_T;NA;1;0;Y;83
202606;P08057;612647;4553;38.19409614;8.468432701;M02;B2;5;2;N_O;N_T;2.5;7;X;331
202606;P08057;604172;400;37.81476213;10.20861289;M15;A1;5;2;N_O;N_T;0.5;0;X;24
202606;P08276;614306;1503;24.64706986;3.448255549;M08;A1;4;2;N_T;N_O;2;0;Y;60
202606;P08452;613202;1358;28.13608932;5.228719201;M16;A1;5;1;B_T;NA;1.5;0;X;62
202607;P00066;621135;1185;16.98148208;2.092080564;M13;A1;3;2;N_T;B_T;0.5;0.5;Y;41
202607;P00348;615990;3701;25.04258144;4.353396153;M13;A1;3;1;A_T;NA;2;0;X;186
202607;P05373;618620;939;31.20577319;8.697433768;M17;A1;2;2;N_O;N_T;1;0;X;57.3
202607;P05373;619896;2125;28.95026949;7.686484996;M17;A1;2;2;N_O;N_T;2;0;X;120.3
202607;P05953;615591;1750;24.96100359;4.666794462;M08;A1;3;2;N_T;N_O;0;1;Y;89
202607;P06503;614808;1200;78.47032214;15.77095388;M11;C3;5;2;N_T;N_O;1;2;X;173
202607;P06631;617841;2755;15.56145206;10.23443141;M05;D4;5;1;A_T;NA;3.5;0;X;76
202607;P06833;615300;2875;24.05211103;3.293032198;M13;A1;3;1;B_T;NA;2;0;Y;112
202607;P07104;610842;4382;24.00102272;3.046467001;M08;A1;4;2;N_T;N_O;2;1;X;207
202607;P07286;608944;200;22.43154392;4.733733781;M14;A1;5;1;B_T;NA;0.2;0;Y;7
202607;P07333;615598;2000;28.45849777;5.379127176;M16;A1;5;2;N_T;N_O;1;1;X;123
202607;P07618;615688;750;88.46731096;10.74127944;M17;A1;2;1;A_T;NA;1;0;Y;104
202607;P07619;613595;3328;37.38195794;4.267187906;M17;A1;2;1;B_T;NA;3;0;Y;195
202607;P07878;618235;1700;27.60181859;5.746299131;M14;A1;5;2;A_T;B_T;1.25;2;X;76
202607;P07878;619909;4791;26.11925914;3.904583719;M16;A1;5;2;A_T;B_T;2;4.5;X;219
202607;P08075;617651;2000;56.80163721;6.041969686;M14;A1;5;1;A_T;NA;3;0;Y;184
202607;P06970;616246;1189;14.539491;3.26917247;M05;D4;5;2;N_O;N_T;0;1.5;X;28
202608;P05996;622768;1575;24.30659526;2.872286751;M13;A1;3;2;N_O;N_T;0.5;0.5;Y;78
202608;P06126;627267;545;42.02545323;4.754796412;M09;A1;4;2;N_O;N_T;0;1;Y;38
202608;P06833;615298;7525;23.30155275;3.533595912;M13;A1;3;1;B_T;NA;6;0;Y;284
202608;P06895;615986;1400;71.89749297;6.462645191;M14;A1;5;2;N_T;N_O;1;1;Y;167
202608;P06943;620395;1000;59.24312734;4.431718207;M15;A1;5;2;R_T;B_T;0;2;X;94
202608;P06943;614322;2200;32.01693022;7.347869251;M09;A1;5;2;R_T;B_T;2.25;4;X;164
202608;P06943;614318;3178;28.51590011;4.831338201;M09;A1;5;2;R_T;B_T;2;4;X;211
202608;P06943;623274;2700;27.77071265;5.906375115;M15;A1;5;2;B_T;R_T;5;1.5;X;169
202608;P07624;615588;725;30.3069928;8.026942973;M02;B2;5;2;N_T;N_O;1;0.5;Y;49
202608;P07624;622764;1077;28.42663889;5.994743939;M15;A1;5;2;N_O;N_T;1;0;Y;53
202608;P07767;618950;3574;19.94928563;4.959953225;M02;B2;5;1;B_T;NA;4;0;X;159
202608;P07878;618963;5284;21.41760454;5.507999616;M02;B2;5;2;B_T;A_T;4.5;4.75;X;251
202608;P08057;619726;6200;28.92926175;2.507771657;M16;A1;5;2;N_T;N_O;6;0;X;387
202608;P08105;596586;2530;36.74200815;7.006669101;M16;A1;5;1;B_T;NA;4;0;Y;131
202608;P08275;624179;985;34.7808303;4.269491218;M17;A1;2;2;N_T;N_O;1;0.25;Y;60
202608;P08322;618966;2000;30.17221856;9.287247881;M14;A1;5;2;A_T;R_T;3;2;X;131
202608;P08476;619434;3140;37.95894904;6.168476964;M14;A1;5;2;N_T;N_O;0;3;Y;256
202608;P08475;621732;1377;38.51891482;3.7637822;M14;A1;5;2;N_T;N_O;2;0;X;88
202608;P08477;619432;3156;41.43634409;6.547750218;M14;A1;5;2;N_T;N_O;0.5;3;Y;283
202608;P08478;619430;3564;47.72646178;7.460805062;M02;B2;5;1;B_T;NA;6;0;Y;324
